type,nb_sold,sales_per_10k
robusta,7213337,5287.039172102859
arabica,6430097,4712.960827897141
